condition,frame_cost,mean_return,mean_frames_consumed,nav_reward_mean,reached_goal_rate,budget_overrun_rate,n_episodes,fps_mix
fps1,0.0,-108.066,4.07,-108.066,0.0,0.0,100,fps1=100%
fps1,0.1,-108.473,4.07,-108.066,0.0,0.0,100,fps1=100%
fps1,0.2,-108.88,4.07,-108.066,0.0,0.0,100,fps1=100%
fps1,0.3,-109.287,4.07,-108.066,0.0,0.0,100,fps1=100%
fps1,0.4,-109.694,4.07,-108.066,0.0,0.0,100,fps1=100%
fps1,0.5,-110.101,4.07,-108.066,0.0,0.0,100,fps1=100%
fps1,0.6,-110.508,4.07,-108.066,0.0,0.0,100,fps1=100%
fps1,0.7,-110.915,4.07,-108.066,0.0,0.0,100,fps1=100%
fps1,0.8,-111.322,4.07,-108.066,0.0,0.0,100,fps1=100%
fps1,0.9,-111.729,4.07,-108.066,0.0,0.0,100,fps1=100%
fps1,1.0,-112.136,4.07,-108.066,0.0,0.0,100,fps1=100%
fps1,1.1,-112.543,4.07,-108.066,0.0,0.0,100,fps1=100%
fps1,1.2,-112.95,4.07,-108.066,0.0,0.0,100,fps1=100%
fps1,1.3,-113.357,4.07,-108.066,0.0,0.0,100,fps1=100%
fps1,1.4,-113.764,4.07,-108.066,0.0,0.0,100,fps1=100%
fps1,1.5,-114.171,4.07,-108.066,0.0,0.0,100,fps1=100%
fps1,1.6,-114.578,4.07,-108.066,0.0,0.0,100,fps1=100%
fps1,1.7,-114.985,4.07,-108.066,0.0,0.0,100,fps1=100%
fps1,1.8,-115.392,4.07,-108.066,0.0,0.0,100,fps1=100%
fps1,1.9,-115.799,4.07,-108.066,0.0,0.0,100,fps1=100%
fps1,2.0,-116.206,4.07,-108.066,0.0,0.0,100,fps1=100%
fps1,2.1,-116.613,4.07,-108.066,0.0,0.0,100,fps1=100%
fps1,2.2,-117.02,4.07,-108.066,0.0,0.0,100,fps1=100%
fps1,2.3,-117.427,4.07,-108.066,0.0,0.0,100,fps1=100%
fps1,2.4,-117.834,4.07,-108.066,0.0,0.0,100,fps1=100%
fps1,2.5,-118.241,4.07,-108.066,0.0,0.0,100,fps1=100%
fps1,2.6,-118.648,4.07,-108.066,0.0,0.0,100,fps1=100%
fps1,2.7,-119.055,4.07,-108.066,0.0,0.0,100,fps1=100%
fps1,2.8,-119.462,4.07,-108.066,0.0,0.0,100,fps1=100%
fps1,2.9,-119.869,4.07,-108.066,0.0,0.0,100,fps1=100%
fps1,3.0,-120.276,4.07,-108.066,0.0,0.0,100,fps1=100%
fps1,3.1,-120.683,4.07,-108.066,0.0,0.0,100,fps1=100%
fps1,3.2,-121.09,4.07,-108.066,0.0,0.0,100,fps1=100%
fps1,3.3,-121.497,4.07,-108.066,0.0,0.0,100,fps1=100%
fps1,3.4,-121.904,4.07,-108.066,0.0,0.0,100,fps1=100%
fps1,3.5,-122.311,4.07,-108.066,0.0,0.0,100,fps1=100%
fps1,3.6,-122.718,4.07,-108.066,0.0,0.0,100,fps1=100%
fps1,3.7,-123.125,4.07,-108.066,0.0,0.0,100,fps1=100%
fps1,3.8,-123.532,4.07,-108.066,0.0,0.0,100,fps1=100%
fps1,3.9,-123.939,4.07,-108.066,0.0,0.0,100,fps1=100%
fps1,4.0,-124.346,4.07,-108.066,0.0,0.0,100,fps1=100%
fps1,4.1,-124.753,4.07,-108.066,0.0,0.0,100,fps1=100%
fps1,4.2,-125.16,4.07,-108.066,0.0,0.0,100,fps1=100%
fps1,4.3,-125.567,4.07,-108.066,0.0,0.0,100,fps1=100%
fps1,4.4,-125.974,4.07,-108.066,0.0,0.0,100,fps1=100%
fps1,4.5,-126.381,4.07,-108.066,0.0,0.0,100,fps1=100%
fps1,4.6,-126.788,4.07,-108.066,0.0,0.0,100,fps1=100%
fps1,4.7,-127.195,4.07,-108.066,0.0,0.0,100,fps1=100%
fps1,4.8,-127.602,4.07,-108.066,0.0,0.0,100,fps1=100%
fps1,4.9,-128.009,4.07,-108.066,0.0,0.0,100,fps1=100%
fps1,5.0,-128.416,4.07,-108.066,0.0,0.0,100,fps1=100%
fps1,5.1,-128.823,4.07,-108.066,0.0,0.0,100,fps1=100%
fps1,5.2,-129.23,4.07,-108.066,0.0,0.0,100,fps1=100%
fps1,5.3,-129.637,4.07,-108.066,0.0,0.0,100,fps1=100%
fps1,5.4,-130.044,4.07,-108.066,0.0,0.0,100,fps1=100%
fps1,5.5,-130.451,4.07,-108.066,0.0,0.0,100,fps1=100%
fps1,5.6,-130.858,4.07,-108.066,0.0,0.0,100,fps1=100%
fps1,5.7,-131.265,4.07,-108.066,0.0,0.0,100,fps1=100%
fps1,5.8,-131.672,4.07,-108.066,0.0,0.0,100,fps1=100%
fps1,5.9,-132.079,4.07,-108.066,0.0,0.0,100,fps1=100%
fps1,6.0,-132.486,4.07,-108.066,0.0,0.0,100,fps1=100%
fps1,6.1,-132.893,4.07,-108.066,0.0,0.0,100,fps1=100%
fps1,6.2,-133.3,4.07,-108.066,0.0,0.0,100,fps1=100%
fps1,6.3,-133.707,4.07,-108.066,0.0,0.0,100,fps1=100%
fps1,6.4,-134.114,4.07,-108.066,0.0,0.0,100,fps1=100%
fps1,6.5,-134.521,4.07,-108.066,0.0,0.0,100,fps1=100%
fps1,6.6,-134.928,4.07,-108.066,0.0,0.0,100,fps1=100%
fps1,6.7,-135.335,4.07,-108.066,0.0,0.0,100,fps1=100%
fps1,6.8,-135.742,4.07,-108.066,0.0,0.0,100,fps1=100%
fps1,6.9,-136.149,4.07,-108.066,0.0,0.0,100,fps1=100%
fps1,7.0,-136.556,4.07,-108.066,0.0,0.0,100,fps1=100%
fps1,7.1,-136.963,4.07,-108.066,0.0,0.0,100,fps1=100%
fps1,7.2,-137.37,4.07,-108.066,0.0,0.0,100,fps1=100%
fps1,7.3,-137.777,4.07,-108.066,0.0,0.0,100,fps1=100%
fps1,7.4,-138.184,4.07,-108.066,0.0,0.0,100,fps1=100%
fps1,7.5,-138.591,4.07,-108.066,0.0,0.0,100,fps1=100%
fps1,7.6,-138.998,4.07,-108.066,0.0,0.0,100,fps1=100%
fps1,7.7,-139.405,4.07,-108.066,0.0,0.0,100,fps1=100%
fps1,7.8,-139.812,4.07,-108.066,0.0,0.0,100,fps1=100%
fps1,7.9,-140.219,4.07,-108.066,0.0,0.0,100,fps1=100%
fps1,8.0,-140.626,4.07,-108.066,0.0,0.0,100,fps1=100%
fps1,8.1,-141.033,4.07,-108.066,0.0,0.0,100,fps1=100%
fps1,8.2,-141.44,4.07,-108.066,0.0,0.0,100,fps1=100%
fps1,8.3,-141.847,4.07,-108.066,0.0,0.0,100,fps1=100%
fps1,8.4,-142.254,4.07,-108.066,0.0,0.0,100,fps1=100%
fps1,8.5,-142.661,4.07,-108.066,0.0,0.0,100,fps1=100%
fps1,8.6,-143.068,4.07,-108.066,0.0,0.0,100,fps1=100%
fps1,8.7,-143.475,4.07,-108.066,0.0,0.0,100,fps1=100%
fps1,8.8,-143.882,4.07,-108.066,0.0,0.0,100,fps1=100%
fps1,8.9,-144.289,4.07,-108.066,0.0,0.0,100,fps1=100%
fps1,9.0,-144.696,4.07,-108.066,0.0,0.0,100,fps1=100%
fps1,9.1,-145.103,4.07,-108.066,0.0,0.0,100,fps1=100%
fps1,9.2,-145.51,4.07,-108.066,0.0,0.0,100,fps1=100%
fps1,9.3,-145.917,4.07,-108.066,0.0,0.0,100,fps1=100%
fps1,9.4,-146.324,4.07,-108.066,0.0,0.0,100,fps1=100%
fps1,9.5,-146.731,4.07,-108.066,0.0,0.0,100,fps1=100%
fps1,9.6,-147.138,4.07,-108.066,0.0,0.0,100,fps1=100%
fps1,9.7,-147.545,4.07,-108.066,0.0,0.0,100,fps1=100%
fps1,9.8,-147.952,4.07,-108.066,0.0,0.0,100,fps1=100%
fps1,9.9,-148.359,4.07,-108.066,0.0,0.0,100,fps1=100%
fps1,10.0,-148.766,4.07,-108.066,0.0,0.0,100,fps1=100%
fps5,0.0,-30.39,13.79,-30.39,0.0,0.0,100,fps5=100%
fps5,0.1,-31.769,13.79,-30.39,0.0,0.0,100,fps5=100%
fps5,0.2,-33.148,13.79,-30.39,0.0,0.0,100,fps5=100%
fps5,0.3,-34.527,13.79,-30.39,0.0,0.0,100,fps5=100%
fps5,0.4,-35.906,13.79,-30.39,0.0,0.0,100,fps5=100%
fps5,0.5,-37.285,13.79,-30.39,0.0,0.0,100,fps5=100%
fps5,0.6,-38.664,13.79,-30.39,0.0,0.0,100,fps5=100%
fps5,0.7,-40.043,13.79,-30.39,0.0,0.0,100,fps5=100%
fps5,0.8,-41.422,13.79,-30.39,0.0,0.0,100,fps5=100%
fps5,0.9,-42.801,13.79,-30.39,0.0,0.0,100,fps5=100%
fps5,1.0,-44.18,13.79,-30.39,0.0,0.0,100,fps5=100%
fps5,1.1,-45.559,13.79,-30.39,0.0,0.0,100,fps5=100%
fps5,1.2,-46.938,13.79,-30.39,0.0,0.0,100,fps5=100%
fps5,1.3,-48.317,13.79,-30.39,0.0,0.0,100,fps5=100%
fps5,1.4,-49.696,13.79,-30.39,0.0,0.0,100,fps5=100%
fps5,1.5,-51.075,13.79,-30.39,0.0,0.0,100,fps5=100%
fps5,1.6,-52.454,13.79,-30.39,0.0,0.0,100,fps5=100%
fps5,1.7,-53.833,13.79,-30.39,0.0,0.0,100,fps5=100%
fps5,1.8,-55.212,13.79,-30.39,0.0,0.0,100,fps5=100%
fps5,1.9,-56.591,13.79,-30.39,0.0,0.0,100,fps5=100%
fps5,2.0,-57.97,13.79,-30.39,0.0,0.0,100,fps5=100%
fps5,2.1,-59.349,13.79,-30.39,0.0,0.0,100,fps5=100%
fps5,2.2,-60.728,13.79,-30.39,0.0,0.0,100,fps5=100%
fps5,2.3,-62.107,13.79,-30.39,0.0,0.0,100,fps5=100%
fps5,2.4,-63.486,13.79,-30.39,0.0,0.0,100,fps5=100%
fps5,2.5,-64.865,13.79,-30.39,0.0,0.0,100,fps5=100%
fps5,2.6,-66.244,13.79,-30.39,0.0,0.0,100,fps5=100%
fps5,2.7,-67.623,13.79,-30.39,0.0,0.0,100,fps5=100%
fps5,2.8,-69.002,13.79,-30.39,0.0,0.0,100,fps5=100%
fps5,2.9,-70.381,13.79,-30.39,0.0,0.0,100,fps5=100%
fps5,3.0,-71.76,13.79,-30.39,0.0,0.0,100,fps5=100%
fps5,3.1,-73.139,13.79,-30.39,0.0,0.0,100,fps5=100%
fps5,3.2,-74.518,13.79,-30.39,0.0,0.0,100,fps5=100%
fps5,3.3,-75.897,13.79,-30.39,0.0,0.0,100,fps5=100%
fps5,3.4,-77.276,13.79,-30.39,0.0,0.0,100,fps5=100%
fps5,3.5,-78.655,13.79,-30.39,0.0,0.0,100,fps5=100%
fps5,3.6,-80.034,13.79,-30.39,0.0,0.0,100,fps5=100%
fps5,3.7,-81.413,13.79,-30.39,0.0,0.0,100,fps5=100%
fps5,3.8,-82.792,13.79,-30.39,0.0,0.0,100,fps5=100%
fps5,3.9,-84.171,13.79,-30.39,0.0,0.0,100,fps5=100%
fps5,4.0,-85.55,13.79,-30.39,0.0,0.0,100,fps5=100%
fps5,4.1,-86.929,13.79,-30.39,0.0,0.0,100,fps5=100%
fps5,4.2,-88.308,13.79,-30.39,0.0,0.0,100,fps5=100%
fps5,4.3,-89.687,13.79,-30.39,0.0,0.0,100,fps5=100%
fps5,4.4,-91.066,13.79,-30.39,0.0,0.0,100,fps5=100%
fps5,4.5,-92.445,13.79,-30.39,0.0,0.0,100,fps5=100%
fps5,4.6,-93.824,13.79,-30.39,0.0,0.0,100,fps5=100%
fps5,4.7,-95.203,13.79,-30.39,0.0,0.0,100,fps5=100%
fps5,4.8,-96.582,13.79,-30.39,0.0,0.0,100,fps5=100%
fps5,4.9,-97.961,13.79,-30.39,0.0,0.0,100,fps5=100%
fps5,5.0,-99.34,13.79,-30.39,0.0,0.0,100,fps5=100%
fps5,5.1,-100.719,13.79,-30.39,0.0,0.0,100,fps5=100%
fps5,5.2,-102.098,13.79,-30.39,0.0,0.0,100,fps5=100%
fps5,5.3,-103.477,13.79,-30.39,0.0,0.0,100,fps5=100%
fps5,5.4,-104.856,13.79,-30.39,0.0,0.0,100,fps5=100%
fps5,5.5,-106.235,13.79,-30.39,0.0,0.0,100,fps5=100%
fps5,5.6,-107.614,13.79,-30.39,0.0,0.0,100,fps5=100%
fps5,5.7,-108.993,13.79,-30.39,0.0,0.0,100,fps5=100%
fps5,5.8,-110.372,13.79,-30.39,0.0,0.0,100,fps5=100%
fps5,5.9,-111.751,13.79,-30.39,0.0,0.0,100,fps5=100%
fps5,6.0,-113.13,13.79,-30.39,0.0,0.0,100,fps5=100%
fps5,6.1,-114.509,13.79,-30.39,0.0,0.0,100,fps5=100%
fps5,6.2,-115.888,13.79,-30.39,0.0,0.0,100,fps5=100%
fps5,6.3,-117.267,13.79,-30.39,0.0,0.0,100,fps5=100%
fps5,6.4,-118.646,13.79,-30.39,0.0,0.0,100,fps5=100%
fps5,6.5,-120.025,13.79,-30.39,0.0,0.0,100,fps5=100%
fps5,6.6,-121.404,13.79,-30.39,0.0,0.0,100,fps5=100%
fps5,6.7,-122.783,13.79,-30.39,0.0,0.0,100,fps5=100%
fps5,6.8,-124.162,13.79,-30.39,0.0,0.0,100,fps5=100%
fps5,6.9,-125.541,13.79,-30.39,0.0,0.0,100,fps5=100%
fps5,7.0,-126.92,13.79,-30.39,0.0,0.0,100,fps5=100%
fps5,7.1,-128.299,13.79,-30.39,0.0,0.0,100,fps5=100%
fps5,7.2,-129.678,13.79,-30.39,0.0,0.0,100,fps5=100%
fps5,7.3,-131.057,13.79,-30.39,0.0,0.0,100,fps5=100%
fps5,7.4,-132.436,13.79,-30.39,0.0,0.0,100,fps5=100%
fps5,7.5,-133.815,13.79,-30.39,0.0,0.0,100,fps5=100%
fps5,7.6,-135.194,13.79,-30.39,0.0,0.0,100,fps5=100%
fps5,7.7,-136.573,13.79,-30.39,0.0,0.0,100,fps5=100%
fps5,7.8,-137.952,13.79,-30.39,0.0,0.0,100,fps5=100%
fps5,7.9,-139.331,13.79,-30.39,0.0,0.0,100,fps5=100%
fps5,8.0,-140.71,13.79,-30.39,0.0,0.0,100,fps5=100%
fps5,8.1,-142.089,13.79,-30.39,0.0,0.0,100,fps5=100%
fps5,8.2,-143.468,13.79,-30.39,0.0,0.0,100,fps5=100%
fps5,8.3,-144.847,13.79,-30.39,0.0,0.0,100,fps5=100%
fps5,8.4,-146.226,13.79,-30.39,0.0,0.0,100,fps5=100%
fps5,8.5,-147.605,13.79,-30.39,0.0,0.0,100,fps5=100%
fps5,8.6,-148.984,13.79,-30.39,0.0,0.0,100,fps5=100%
fps5,8.7,-150.363,13.79,-30.39,0.0,0.0,100,fps5=100%
fps5,8.8,-151.742,13.79,-30.39,0.0,0.0,100,fps5=100%
fps5,8.9,-153.121,13.79,-30.39,0.0,0.0,100,fps5=100%
fps5,9.0,-154.5,13.79,-30.39,0.0,0.0,100,fps5=100%
fps5,9.1,-155.879,13.79,-30.39,0.0,0.0,100,fps5=100%
fps5,9.2,-157.258,13.79,-30.39,0.0,0.0,100,fps5=100%
fps5,9.3,-158.637,13.79,-30.39,0.0,0.0,100,fps5=100%
fps5,9.4,-160.016,13.79,-30.39,0.0,0.0,100,fps5=100%
fps5,9.5,-161.395,13.79,-30.39,0.0,0.0,100,fps5=100%
fps5,9.6,-162.774,13.79,-30.39,0.0,0.0,100,fps5=100%
fps5,9.7,-164.153,13.79,-30.39,0.0,0.0,100,fps5=100%
fps5,9.8,-165.532,13.79,-30.39,0.0,0.0,100,fps5=100%
fps5,9.9,-166.911,13.79,-30.39,0.0,0.0,100,fps5=100%
fps5,10.0,-168.29,13.79,-30.39,0.0,0.0,100,fps5=100%
fps10,0.0,33.951,38.93,29.451,0.03,0.0,100,fps10=100%
fps10,0.1,30.058,38.93,29.451,0.03,0.0,100,fps10=100%
fps10,0.2,26.165,38.93,29.451,0.03,0.0,100,fps10=100%
fps10,0.3,22.272,38.93,29.451,0.03,0.0,100,fps10=100%
fps10,0.4,18.379,38.93,29.451,0.03,0.0,100,fps10=100%
fps10,0.5,14.486,38.93,29.451,0.03,0.0,100,fps10=100%
fps10,0.6,10.593,38.93,29.451,0.03,0.0,100,fps10=100%
fps10,0.7,6.7,38.93,29.451,0.03,0.0,100,fps10=100%
fps10,0.8,2.807,38.93,29.451,0.03,0.0,100,fps10=100%
fps10,0.9,-1.086,38.93,29.451,0.03,0.0,100,fps10=100%
fps10,1.0,-4.979,38.93,29.451,0.03,0.0,100,fps10=100%
fps10,1.1,-8.872,38.93,29.451,0.03,0.0,100,fps10=100%
fps10,1.2,-12.765,38.93,29.451,0.03,0.0,100,fps10=100%
fps10,1.3,-16.658,38.93,29.451,0.03,0.0,100,fps10=100%
fps10,1.4,-20.551,38.93,29.451,0.03,0.0,100,fps10=100%
fps10,1.5,-24.444,38.93,29.451,0.03,0.0,100,fps10=100%
fps10,1.6,-28.337,38.93,29.451,0.03,0.0,100,fps10=100%
fps10,1.7,-32.23,38.93,29.451,0.03,0.0,100,fps10=100%
fps10,1.8,-36.123,38.93,29.451,0.03,0.0,100,fps10=100%
fps10,1.9,-40.016,38.93,29.451,0.03,0.0,100,fps10=100%
fps10,2.0,-43.909,38.93,29.451,0.03,0.0,100,fps10=100%
fps10,2.1,-47.802,38.93,29.451,0.03,0.0,100,fps10=100%
fps10,2.2,-51.695,38.93,29.451,0.03,0.0,100,fps10=100%
fps10,2.3,-55.588,38.93,29.451,0.03,0.0,100,fps10=100%
fps10,2.4,-59.481,38.93,29.451,0.03,0.0,100,fps10=100%
fps10,2.5,-63.374,38.93,29.451,0.03,0.0,100,fps10=100%
fps10,2.6,-67.267,38.93,29.451,0.03,0.0,100,fps10=100%
fps10,2.7,-71.16,38.93,29.451,0.03,0.0,100,fps10=100%
fps10,2.8,-75.053,38.93,29.451,0.03,0.0,100,fps10=100%
fps10,2.9,-78.946,38.93,29.451,0.03,0.0,100,fps10=100%
fps10,3.0,-82.839,38.93,29.451,0.03,0.0,100,fps10=100%
fps10,3.1,-86.732,38.93,29.451,0.03,0.0,100,fps10=100%
fps10,3.2,-90.625,38.93,29.451,0.03,0.0,100,fps10=100%
fps10,3.3,-94.518,38.93,29.451,0.03,0.0,100,fps10=100%
fps10,3.4,-98.411,38.93,29.451,0.03,0.0,100,fps10=100%
fps10,3.5,-102.304,38.93,29.451,0.03,0.0,100,fps10=100%
fps10,3.6,-106.197,38.93,29.451,0.03,0.0,100,fps10=100%
fps10,3.7,-110.09,38.93,29.451,0.03,0.0,100,fps10=100%
fps10,3.8,-113.983,38.93,29.451,0.03,0.0,100,fps10=100%
fps10,3.9,-117.876,38.93,29.451,0.03,0.0,100,fps10=100%
fps10,4.0,-121.769,38.93,29.451,0.03,0.0,100,fps10=100%
fps10,4.1,-125.662,38.93,29.451,0.03,0.0,100,fps10=100%
fps10,4.2,-129.555,38.93,29.451,0.03,0.0,100,fps10=100%
fps10,4.3,-133.448,38.93,29.451,0.03,0.0,100,fps10=100%
fps10,4.4,-137.341,38.93,29.451,0.03,0.0,100,fps10=100%
fps10,4.5,-141.234,38.93,29.451,0.03,0.0,100,fps10=100%
fps10,4.6,-145.127,38.93,29.451,0.03,0.0,100,fps10=100%
fps10,4.7,-149.02,38.93,29.451,0.03,0.0,100,fps10=100%
fps10,4.8,-152.913,38.93,29.451,0.03,0.0,100,fps10=100%
fps10,4.9,-156.806,38.93,29.451,0.03,0.0,100,fps10=100%
fps10,5.0,-160.699,38.93,29.451,0.03,0.0,100,fps10=100%
fps10,5.1,-164.592,38.93,29.451,0.03,0.0,100,fps10=100%
fps10,5.2,-168.485,38.93,29.451,0.03,0.0,100,fps10=100%
fps10,5.3,-172.378,38.93,29.451,0.03,0.0,100,fps10=100%
fps10,5.4,-176.271,38.93,29.451,0.03,0.0,100,fps10=100%
fps10,5.5,-180.164,38.93,29.451,0.03,0.0,100,fps10=100%
fps10,5.6,-184.057,38.93,29.451,0.03,0.0,100,fps10=100%
fps10,5.7,-187.95,38.93,29.451,0.03,0.0,100,fps10=100%
fps10,5.8,-191.843,38.93,29.451,0.03,0.0,100,fps10=100%
fps10,5.9,-195.736,38.93,29.451,0.03,0.0,100,fps10=100%
fps10,6.0,-199.629,38.93,29.451,0.03,0.0,100,fps10=100%
fps10,6.1,-203.522,38.93,29.451,0.03,0.0,100,fps10=100%
fps10,6.2,-207.415,38.93,29.451,0.03,0.0,100,fps10=100%
fps10,6.3,-211.308,38.93,29.451,0.03,0.0,100,fps10=100%
fps10,6.4,-215.201,38.93,29.451,0.03,0.0,100,fps10=100%
fps10,6.5,-219.094,38.93,29.451,0.03,0.0,100,fps10=100%
fps10,6.6,-222.987,38.93,29.451,0.03,0.0,100,fps10=100%
fps10,6.7,-226.88,38.93,29.451,0.03,0.0,100,fps10=100%
fps10,6.8,-230.773,38.93,29.451,0.03,0.0,100,fps10=100%
fps10,6.9,-234.666,38.93,29.451,0.03,0.0,100,fps10=100%
fps10,7.0,-238.559,38.93,29.451,0.03,0.0,100,fps10=100%
fps10,7.1,-242.452,38.93,29.451,0.03,0.0,100,fps10=100%
fps10,7.2,-246.345,38.93,29.451,0.03,0.0,100,fps10=100%
fps10,7.3,-250.238,38.93,29.451,0.03,0.0,100,fps10=100%
fps10,7.4,-254.131,38.93,29.451,0.03,0.0,100,fps10=100%
fps10,7.5,-258.024,38.93,29.451,0.03,0.0,100,fps10=100%
fps10,7.6,-261.917,38.93,29.451,0.03,0.0,100,fps10=100%
fps10,7.7,-265.81,38.93,29.451,0.03,0.0,100,fps10=100%
fps10,7.8,-269.703,38.93,29.451,0.03,0.0,100,fps10=100%
fps10,7.9,-273.596,38.93,29.451,0.03,0.0,100,fps10=100%
fps10,8.0,-277.489,38.93,29.451,0.03,0.0,100,fps10=100%
fps10,8.1,-281.382,38.93,29.451,0.03,0.0,100,fps10=100%
fps10,8.2,-285.275,38.93,29.451,0.03,0.0,100,fps10=100%
fps10,8.3,-289.168,38.93,29.451,0.03,0.0,100,fps10=100%
fps10,8.4,-293.061,38.93,29.451,0.03,0.0,100,fps10=100%
fps10,8.5,-296.954,38.93,29.451,0.03,0.0,100,fps10=100%
fps10,8.6,-300.847,38.93,29.451,0.03,0.0,100,fps10=100%
fps10,8.7,-304.74,38.93,29.451,0.03,0.0,100,fps10=100%
fps10,8.8,-308.633,38.93,29.451,0.03,0.0,100,fps10=100%
fps10,8.9,-312.526,38.93,29.451,0.03,0.0,100,fps10=100%
fps10,9.0,-316.419,38.93,29.451,0.03,0.0,100,fps10=100%
fps10,9.1,-320.312,38.93,29.451,0.03,0.0,100,fps10=100%
fps10,9.2,-324.205,38.93,29.451,0.03,0.0,100,fps10=100%
fps10,9.3,-328.098,38.93,29.451,0.03,0.0,100,fps10=100%
fps10,9.4,-331.991,38.93,29.451,0.03,0.0,100,fps10=100%
fps10,9.5,-335.884,38.93,29.451,0.03,0.0,100,fps10=100%
fps10,9.6,-339.777,38.93,29.451,0.03,0.0,100,fps10=100%
fps10,9.7,-343.67,38.93,29.451,0.03,0.0,100,fps10=100%
fps10,9.8,-347.563,38.93,29.451,0.03,0.0,100,fps10=100%
fps10,9.9,-351.456,38.93,29.451,0.03,0.0,100,fps10=100%
fps10,10.0,-355.349,38.93,29.451,0.03,0.0,100,fps10=100%
fps25,0.0,903.687,118.74,776.187,0.85,0.0,100,fps25=100%
fps25,0.1,891.813,118.74,776.187,0.85,0.0,100,fps25=100%
fps25,0.2,879.939,118.74,776.187,0.85,0.0,100,fps25=100%
fps25,0.3,868.065,118.74,776.187,0.85,0.0,100,fps25=100%
fps25,0.4,856.191,118.74,776.187,0.85,0.0,100,fps25=100%
fps25,0.5,844.317,118.74,776.187,0.85,0.0,100,fps25=100%
fps25,0.6,832.443,118.74,776.187,0.85,0.0,100,fps25=100%
fps25,0.7,820.569,118.74,776.187,0.85,0.0,100,fps25=100%
fps25,0.8,808.695,118.74,776.187,0.85,0.0,100,fps25=100%
fps25,0.9,796.821,118.74,776.187,0.85,0.0,100,fps25=100%
fps25,1.0,784.947,118.74,776.187,0.85,0.0,100,fps25=100%
fps25,1.1,773.073,118.74,776.187,0.85,0.0,100,fps25=100%
fps25,1.2,761.199,118.74,776.187,0.85,0.0,100,fps25=100%
fps25,1.3,749.325,118.74,776.187,0.85,0.0,100,fps25=100%
fps25,1.4,737.451,118.74,776.187,0.85,0.0,100,fps25=100%
fps25,1.5,725.577,118.74,776.187,0.85,0.0,100,fps25=100%
fps25,1.6,713.703,118.74,776.187,0.85,0.0,100,fps25=100%
fps25,1.7,701.829,118.74,776.187,0.85,0.0,100,fps25=100%
fps25,1.8,689.955,118.74,776.187,0.85,0.0,100,fps25=100%
fps25,1.9,678.081,118.74,776.187,0.85,0.0,100,fps25=100%
fps25,2.0,666.207,118.74,776.187,0.85,0.0,100,fps25=100%
fps25,2.1,654.333,118.74,776.187,0.85,0.0,100,fps25=100%
fps25,2.2,642.459,118.74,776.187,0.85,0.0,100,fps25=100%
fps25,2.3,630.585,118.74,776.187,0.85,0.0,100,fps25=100%
fps25,2.4,618.711,118.74,776.187,0.85,0.0,100,fps25=100%
fps25,2.5,606.837,118.74,776.187,0.85,0.0,100,fps25=100%
fps25,2.6,594.963,118.74,776.187,0.85,0.0,100,fps25=100%
fps25,2.7,583.089,118.74,776.187,0.85,0.0,100,fps25=100%
fps25,2.8,571.215,118.74,776.187,0.85,0.0,100,fps25=100%
fps25,2.9,559.341,118.74,776.187,0.85,0.0,100,fps25=100%
fps25,3.0,547.467,118.74,776.187,0.85,0.0,100,fps25=100%
fps25,3.1,535.593,118.74,776.187,0.85,0.0,100,fps25=100%
fps25,3.2,523.719,118.74,776.187,0.85,0.0,100,fps25=100%
fps25,3.3,511.845,118.74,776.187,0.85,0.0,100,fps25=100%
fps25,3.4,499.971,118.74,776.187,0.85,0.0,100,fps25=100%
fps25,3.5,488.097,118.74,776.187,0.85,0.0,100,fps25=100%
fps25,3.6,476.223,118.74,776.187,0.85,0.0,100,fps25=100%
fps25,3.7,464.349,118.74,776.187,0.85,0.0,100,fps25=100%
fps25,3.8,452.475,118.74,776.187,0.85,0.0,100,fps25=100%
fps25,3.9,440.601,118.74,776.187,0.85,0.0,100,fps25=100%
fps25,4.0,428.727,118.74,776.187,0.85,0.0,100,fps25=100%
fps25,4.1,416.853,118.74,776.187,0.85,0.0,100,fps25=100%
fps25,4.2,404.979,118.74,776.187,0.85,0.0,100,fps25=100%
fps25,4.3,393.105,118.74,776.187,0.85,0.0,100,fps25=100%
fps25,4.4,381.231,118.74,776.187,0.85,0.0,100,fps25=100%
fps25,4.5,369.357,118.74,776.187,0.85,0.0,100,fps25=100%
fps25,4.6,357.483,118.74,776.187,0.85,0.0,100,fps25=100%
fps25,4.7,345.609,118.74,776.187,0.85,0.0,100,fps25=100%
fps25,4.8,333.735,118.74,776.187,0.85,0.0,100,fps25=100%
fps25,4.9,321.861,118.74,776.187,0.85,0.0,100,fps25=100%
fps25,5.0,309.987,118.74,776.187,0.85,0.0,100,fps25=100%
fps25,5.1,298.113,118.74,776.187,0.85,0.0,100,fps25=100%
fps25,5.2,286.239,118.74,776.187,0.85,0.0,100,fps25=100%
fps25,5.3,274.365,118.74,776.187,0.85,0.0,100,fps25=100%
fps25,5.4,262.491,118.74,776.187,0.85,0.0,100,fps25=100%
fps25,5.5,250.617,118.74,776.187,0.85,0.0,100,fps25=100%
fps25,5.6,238.743,118.74,776.187,0.85,0.0,100,fps25=100%
fps25,5.7,226.869,118.74,776.187,0.85,0.0,100,fps25=100%
fps25,5.8,214.995,118.74,776.187,0.85,0.0,100,fps25=100%
fps25,5.9,203.121,118.74,776.187,0.85,0.0,100,fps25=100%
fps25,6.0,191.247,118.74,776.187,0.85,0.0,100,fps25=100%
fps25,6.1,179.373,118.74,776.187,0.85,0.0,100,fps25=100%
fps25,6.2,167.499,118.74,776.187,0.85,0.0,100,fps25=100%
fps25,6.3,155.625,118.74,776.187,0.85,0.0,100,fps25=100%
fps25,6.4,143.751,118.74,776.187,0.85,0.0,100,fps25=100%
fps25,6.5,131.877,118.74,776.187,0.85,0.0,100,fps25=100%
fps25,6.6,120.003,118.74,776.187,0.85,0.0,100,fps25=100%
fps25,6.7,108.129,118.74,776.187,0.85,0.0,100,fps25=100%
fps25,6.8,96.255,118.74,776.187,0.85,0.0,100,fps25=100%
fps25,6.9,84.381,118.74,776.187,0.85,0.0,100,fps25=100%
fps25,7.0,72.507,118.74,776.187,0.85,0.0,100,fps25=100%
fps25,7.1,60.633,118.74,776.187,0.85,0.0,100,fps25=100%
fps25,7.2,48.759,118.74,776.187,0.85,0.0,100,fps25=100%
fps25,7.3,36.885,118.74,776.187,0.85,0.0,100,fps25=100%
fps25,7.4,25.011,118.74,776.187,0.85,0.0,100,fps25=100%
fps25,7.5,13.137,118.74,776.187,0.85,0.0,100,fps25=100%
fps25,7.6,1.263,118.74,776.187,0.85,0.0,100,fps25=100%
fps25,7.7,-10.611,118.74,776.187,0.85,0.0,100,fps25=100%
fps25,7.8,-22.485,118.74,776.187,0.85,0.0,100,fps25=100%
fps25,7.9,-34.359,118.74,776.187,0.85,0.0,100,fps25=100%
fps25,8.0,-46.233,118.74,776.187,0.85,0.0,100,fps25=100%
fps25,8.1,-58.107,118.74,776.187,0.85,0.0,100,fps25=100%
fps25,8.2,-69.981,118.74,776.187,0.85,0.0,100,fps25=100%
fps25,8.3,-81.855,118.74,776.187,0.85,0.0,100,fps25=100%
fps25,8.4,-93.729,118.74,776.187,0.85,0.0,100,fps25=100%
fps25,8.5,-105.603,118.74,776.187,0.85,0.0,100,fps25=100%
fps25,8.6,-117.477,118.74,776.187,0.85,0.0,100,fps25=100%
fps25,8.7,-129.351,118.74,776.187,0.85,0.0,100,fps25=100%
fps25,8.8,-141.225,118.74,776.187,0.85,0.0,100,fps25=100%
fps25,8.9,-153.099,118.74,776.187,0.85,0.0,100,fps25=100%
fps25,9.0,-164.973,118.74,776.187,0.85,0.0,100,fps25=100%
fps25,9.1,-176.847,118.74,776.187,0.85,0.0,100,fps25=100%
fps25,9.2,-188.721,118.74,776.187,0.85,0.0,100,fps25=100%
fps25,9.3,-200.595,118.74,776.187,0.85,0.0,100,fps25=100%
fps25,9.4,-212.469,118.74,776.187,0.85,0.0,100,fps25=100%
fps25,9.5,-224.343,118.74,776.187,0.85,0.0,100,fps25=100%
fps25,9.6,-236.217,118.74,776.187,0.85,0.0,100,fps25=100%
fps25,9.7,-248.091,118.74,776.187,0.85,0.0,100,fps25=100%
fps25,9.8,-259.965,118.74,776.187,0.85,0.0,100,fps25=100%
fps25,9.9,-271.839,118.74,776.187,0.85,0.0,100,fps25=100%
fps25,10.0,-283.713,118.74,776.187,0.85,0.0,100,fps25=100%
fps50,0.0,1039.073,193.89,906.573,0.91,0.04,100,fps50=100%
fps50,0.1,1019.684,193.89,906.573,0.91,0.04,100,fps50=100%
fps50,0.2,1000.295,193.89,906.573,0.91,0.04,100,fps50=100%
fps50,0.3,980.906,193.89,906.573,0.91,0.04,100,fps50=100%
fps50,0.4,961.517,193.89,906.573,0.91,0.04,100,fps50=100%
fps50,0.5,942.128,193.89,906.573,0.91,0.04,100,fps50=100%
fps50,0.6,922.739,193.89,906.573,0.91,0.04,100,fps50=100%
fps50,0.7,903.35,193.89,906.573,0.91,0.04,100,fps50=100%
fps50,0.8,883.961,193.89,906.573,0.91,0.04,100,fps50=100%
fps50,0.9,864.572,193.89,906.573,0.91,0.04,100,fps50=100%
fps50,1.0,845.183,193.89,906.573,0.91,0.04,100,fps50=100%
fps50,1.1,825.794,193.89,906.573,0.91,0.04,100,fps50=100%
fps50,1.2,806.405,193.89,906.573,0.91,0.04,100,fps50=100%
fps50,1.3,787.016,193.89,906.573,0.91,0.04,100,fps50=100%
fps50,1.4,767.627,193.89,906.573,0.91,0.04,100,fps50=100%
fps50,1.5,748.238,193.89,906.573,0.91,0.04,100,fps50=100%
fps50,1.6,728.849,193.89,906.573,0.91,0.04,100,fps50=100%
fps50,1.7,709.46,193.89,906.573,0.91,0.04,100,fps50=100%
fps50,1.8,690.071,193.89,906.573,0.91,0.04,100,fps50=100%
fps50,1.9,670.682,193.89,906.573,0.91,0.04,100,fps50=100%
fps50,2.0,651.293,193.89,906.573,0.91,0.04,100,fps50=100%
fps50,2.1,631.904,193.89,906.573,0.91,0.04,100,fps50=100%
fps50,2.2,612.515,193.89,906.573,0.91,0.04,100,fps50=100%
fps50,2.3,593.126,193.89,906.573,0.91,0.04,100,fps50=100%
fps50,2.4,573.737,193.89,906.573,0.91,0.04,100,fps50=100%
fps50,2.5,554.348,193.89,906.573,0.91,0.04,100,fps50=100%
fps50,2.6,534.959,193.89,906.573,0.91,0.04,100,fps50=100%
fps50,2.7,515.57,193.89,906.573,0.91,0.04,100,fps50=100%
fps50,2.8,496.181,193.89,906.573,0.91,0.04,100,fps50=100%
fps50,2.9,476.792,193.89,906.573,0.91,0.04,100,fps50=100%
fps50,3.0,457.403,193.89,906.573,0.91,0.04,100,fps50=100%
fps50,3.1,438.014,193.89,906.573,0.91,0.04,100,fps50=100%
fps50,3.2,418.625,193.89,906.573,0.91,0.04,100,fps50=100%
fps50,3.3,399.236,193.89,906.573,0.91,0.04,100,fps50=100%
fps50,3.4,379.847,193.89,906.573,0.91,0.04,100,fps50=100%
fps50,3.5,360.458,193.89,906.573,0.91,0.04,100,fps50=100%
fps50,3.6,341.069,193.89,906.573,0.91,0.04,100,fps50=100%
fps50,3.7,321.68,193.89,906.573,0.91,0.04,100,fps50=100%
fps50,3.8,302.291,193.89,906.573,0.91,0.04,100,fps50=100%
fps50,3.9,282.902,193.89,906.573,0.91,0.04,100,fps50=100%
fps50,4.0,263.513,193.89,906.573,0.91,0.04,100,fps50=100%
fps50,4.1,244.124,193.89,906.573,0.91,0.04,100,fps50=100%
fps50,4.2,224.735,193.89,906.573,0.91,0.04,100,fps50=100%
fps50,4.3,205.346,193.89,906.573,0.91,0.04,100,fps50=100%
fps50,4.4,185.957,193.89,906.573,0.91,0.04,100,fps50=100%
fps50,4.5,166.568,193.89,906.573,0.91,0.04,100,fps50=100%
fps50,4.6,147.179,193.89,906.573,0.91,0.04,100,fps50=100%
fps50,4.7,127.79,193.89,906.573,0.91,0.04,100,fps50=100%
fps50,4.8,108.401,193.89,906.573,0.91,0.04,100,fps50=100%
fps50,4.9,89.012,193.89,906.573,0.91,0.04,100,fps50=100%
fps50,5.0,69.623,193.89,906.573,0.91,0.04,100,fps50=100%
fps50,5.1,50.234,193.89,906.573,0.91,0.04,100,fps50=100%
fps50,5.2,30.845,193.89,906.573,0.91,0.04,100,fps50=100%
fps50,5.3,11.456,193.89,906.573,0.91,0.04,100,fps50=100%
fps50,5.4,-7.933,193.89,906.573,0.91,0.04,100,fps50=100%
fps50,5.5,-27.322,193.89,906.573,0.91,0.04,100,fps50=100%
fps50,5.6,-46.711,193.89,906.573,0.91,0.04,100,fps50=100%
fps50,5.7,-66.1,193.89,906.573,0.91,0.04,100,fps50=100%
fps50,5.8,-85.489,193.89,906.573,0.91,0.04,100,fps50=100%
fps50,5.9,-104.878,193.89,906.573,0.91,0.04,100,fps50=100%
fps50,6.0,-124.267,193.89,906.573,0.91,0.04,100,fps50=100%
fps50,6.1,-143.656,193.89,906.573,0.91,0.04,100,fps50=100%
fps50,6.2,-163.045,193.89,906.573,0.91,0.04,100,fps50=100%
fps50,6.3,-182.434,193.89,906.573,0.91,0.04,100,fps50=100%
fps50,6.4,-201.823,193.89,906.573,0.91,0.04,100,fps50=100%
fps50,6.5,-221.212,193.89,906.573,0.91,0.04,100,fps50=100%
fps50,6.6,-240.601,193.89,906.573,0.91,0.04,100,fps50=100%
fps50,6.7,-259.99,193.89,906.573,0.91,0.04,100,fps50=100%
fps50,6.8,-279.379,193.89,906.573,0.91,0.04,100,fps50=100%
fps50,6.9,-298.768,193.89,906.573,0.91,0.04,100,fps50=100%
fps50,7.0,-318.157,193.89,906.573,0.91,0.04,100,fps50=100%
fps50,7.1,-337.546,193.89,906.573,0.91,0.04,100,fps50=100%
fps50,7.2,-356.935,193.89,906.573,0.91,0.04,100,fps50=100%
fps50,7.3,-376.324,193.89,906.573,0.91,0.04,100,fps50=100%
fps50,7.4,-395.713,193.89,906.573,0.91,0.04,100,fps50=100%
fps50,7.5,-415.102,193.89,906.573,0.91,0.04,100,fps50=100%
fps50,7.6,-434.491,193.89,906.573,0.91,0.04,100,fps50=100%
fps50,7.7,-453.88,193.89,906.573,0.91,0.04,100,fps50=100%
fps50,7.8,-473.269,193.89,906.573,0.91,0.04,100,fps50=100%
fps50,7.9,-492.658,193.89,906.573,0.91,0.04,100,fps50=100%
fps50,8.0,-512.047,193.89,906.573,0.91,0.04,100,fps50=100%
fps50,8.1,-531.436,193.89,906.573,0.91,0.04,100,fps50=100%
fps50,8.2,-550.825,193.89,906.573,0.91,0.04,100,fps50=100%
fps50,8.3,-570.214,193.89,906.573,0.91,0.04,100,fps50=100%
fps50,8.4,-589.603,193.89,906.573,0.91,0.04,100,fps50=100%
fps50,8.5,-608.992,193.89,906.573,0.91,0.04,100,fps50=100%
fps50,8.6,-628.381,193.89,906.573,0.91,0.04,100,fps50=100%
fps50,8.7,-647.77,193.89,906.573,0.91,0.04,100,fps50=100%
fps50,8.8,-667.159,193.89,906.573,0.91,0.04,100,fps50=100%
fps50,8.9,-686.548,193.89,906.573,0.91,0.04,100,fps50=100%
fps50,9.0,-705.937,193.89,906.573,0.91,0.04,100,fps50=100%
fps50,9.1,-725.326,193.89,906.573,0.91,0.04,100,fps50=100%
fps50,9.2,-744.715,193.89,906.573,0.91,0.04,100,fps50=100%
fps50,9.3,-764.104,193.89,906.573,0.91,0.04,100,fps50=100%
fps50,9.4,-783.493,193.89,906.573,0.91,0.04,100,fps50=100%
fps50,9.5,-802.882,193.89,906.573,0.91,0.04,100,fps50=100%
fps50,9.6,-822.271,193.89,906.573,0.91,0.04,100,fps50=100%
fps50,9.7,-841.66,193.89,906.573,0.91,0.04,100,fps50=100%
fps50,9.8,-861.049,193.89,906.573,0.91,0.04,100,fps50=100%
fps50,9.9,-880.438,193.89,906.573,0.91,0.04,100,fps50=100%
fps50,10.0,-899.827,193.89,906.573,0.91,0.04,100,fps50=100%
heuristic,0.0,1047.89,176.14,906.39,0.95,0.01,100,"fps25=18%,fps50=82%"
heuristic,0.1,1030.276,176.14,906.39,0.95,0.01,100,"fps25=18%,fps50=82%"
heuristic,0.2,1012.662,176.14,906.39,0.95,0.01,100,"fps25=18%,fps50=82%"
heuristic,0.3,995.048,176.14,906.39,0.95,0.01,100,"fps25=18%,fps50=82%"
heuristic,0.4,977.434,176.14,906.39,0.95,0.01,100,"fps25=18%,fps50=82%"
heuristic,0.5,959.82,176.14,906.39,0.95,0.01,100,"fps25=18%,fps50=82%"
heuristic,0.6,942.206,176.14,906.39,0.95,0.01,100,"fps25=18%,fps50=82%"
heuristic,0.7,924.592,176.14,906.39,0.95,0.01,100,"fps25=18%,fps50=82%"
heuristic,0.8,906.978,176.14,906.39,0.95,0.01,100,"fps25=18%,fps50=82%"
heuristic,0.9,889.364,176.14,906.39,0.95,0.01,100,"fps25=18%,fps50=82%"
heuristic,1.0,871.75,176.14,906.39,0.95,0.01,100,"fps25=18%,fps50=82%"
heuristic,1.1,854.136,176.14,906.39,0.95,0.01,100,"fps25=18%,fps50=82%"
heuristic,1.2,836.522,176.14,906.39,0.95,0.01,100,"fps25=18%,fps50=82%"
heuristic,1.3,818.908,176.14,906.39,0.95,0.01,100,"fps25=18%,fps50=82%"
heuristic,1.4,801.294,176.14,906.39,0.95,0.01,100,"fps25=18%,fps50=82%"
heuristic,1.5,783.68,176.14,906.39,0.95,0.01,100,"fps25=18%,fps50=82%"
heuristic,1.6,766.066,176.14,906.39,0.95,0.01,100,"fps25=18%,fps50=82%"
heuristic,1.7,748.452,176.14,906.39,0.95,0.01,100,"fps25=18%,fps50=82%"
heuristic,1.8,730.838,176.14,906.39,0.95,0.01,100,"fps25=18%,fps50=82%"
heuristic,1.9,713.224,176.14,906.39,0.95,0.01,100,"fps25=18%,fps50=82%"
heuristic,2.0,695.61,176.14,906.39,0.95,0.01,100,"fps25=18%,fps50=82%"
heuristic,2.1,677.996,176.14,906.39,0.95,0.01,100,"fps25=18%,fps50=82%"
heuristic,2.2,660.382,176.14,906.39,0.95,0.01,100,"fps25=18%,fps50=82%"
heuristic,2.3,642.768,176.14,906.39,0.95,0.01,100,"fps25=18%,fps50=82%"
heuristic,2.4,625.154,176.14,906.39,0.95,0.01,100,"fps25=18%,fps50=82%"
heuristic,2.5,607.54,176.14,906.39,0.95,0.01,100,"fps25=18%,fps50=82%"
heuristic,2.6,589.926,176.14,906.39,0.95,0.01,100,"fps25=18%,fps50=82%"
heuristic,2.7,572.312,176.14,906.39,0.95,0.01,100,"fps25=18%,fps50=82%"
heuristic,2.8,554.698,176.14,906.39,0.95,0.01,100,"fps25=18%,fps50=82%"
heuristic,2.9,537.084,176.14,906.39,0.95,0.01,100,"fps25=18%,fps50=82%"
heuristic,3.0,519.47,176.14,906.39,0.95,0.01,100,"fps25=18%,fps50=82%"
heuristic,3.1,501.856,176.14,906.39,0.95,0.01,100,"fps25=18%,fps50=82%"
heuristic,3.2,484.242,176.14,906.39,0.95,0.01,100,"fps25=18%,fps50=82%"
heuristic,3.3,466.628,176.14,906.39,0.95,0.01,100,"fps25=18%,fps50=82%"
heuristic,3.4,449.014,176.14,906.39,0.95,0.01,100,"fps25=18%,fps50=82%"
heuristic,3.5,431.4,176.14,906.39,0.95,0.01,100,"fps25=18%,fps50=82%"
heuristic,3.6,413.786,176.14,906.39,0.95,0.01,100,"fps25=18%,fps50=82%"
heuristic,3.7,396.172,176.14,906.39,0.95,0.01,100,"fps25=18%,fps50=82%"
heuristic,3.8,378.558,176.14,906.39,0.95,0.01,100,"fps25=18%,fps50=82%"
heuristic,3.9,360.944,176.14,906.39,0.95,0.01,100,"fps25=18%,fps50=82%"
heuristic,4.0,343.33,176.14,906.39,0.95,0.01,100,"fps25=18%,fps50=82%"
heuristic,4.1,325.716,176.14,906.39,0.95,0.01,100,"fps25=18%,fps50=82%"
heuristic,4.2,308.102,176.14,906.39,0.95,0.01,100,"fps25=18%,fps50=82%"
heuristic,4.3,290.488,176.14,906.39,0.95,0.01,100,"fps25=18%,fps50=82%"
heuristic,4.4,272.874,176.14,906.39,0.95,0.01,100,"fps25=18%,fps50=82%"
heuristic,4.5,255.26,176.14,906.39,0.95,0.01,100,"fps25=18%,fps50=82%"
heuristic,4.6,237.646,176.14,906.39,0.95,0.01,100,"fps25=18%,fps50=82%"
heuristic,4.7,220.032,176.14,906.39,0.95,0.01,100,"fps25=18%,fps50=82%"
heuristic,4.8,202.418,176.14,906.39,0.95,0.01,100,"fps25=18%,fps50=82%"
heuristic,4.9,184.804,176.14,906.39,0.95,0.01,100,"fps25=18%,fps50=82%"
heuristic,5.0,167.19,176.14,906.39,0.95,0.01,100,"fps25=18%,fps50=82%"
heuristic,5.1,149.576,176.14,906.39,0.95,0.01,100,"fps25=18%,fps50=82%"
heuristic,5.2,131.962,176.14,906.39,0.95,0.01,100,"fps25=18%,fps50=82%"
heuristic,5.3,114.348,176.14,906.39,0.95,0.01,100,"fps25=18%,fps50=82%"
heuristic,5.4,96.734,176.14,906.39,0.95,0.01,100,"fps25=18%,fps50=82%"
heuristic,5.5,79.12,176.14,906.39,0.95,0.01,100,"fps25=18%,fps50=82%"
heuristic,5.6,61.506,176.14,906.39,0.95,0.01,100,"fps25=18%,fps50=82%"
heuristic,5.7,43.892,176.14,906.39,0.95,0.01,100,"fps25=18%,fps50=82%"
heuristic,5.8,26.278,176.14,906.39,0.95,0.01,100,"fps25=18%,fps50=82%"
heuristic,5.9,8.664,176.14,906.39,0.95,0.01,100,"fps25=18%,fps50=82%"
heuristic,6.0,-8.95,176.14,906.39,0.95,0.01,100,"fps25=18%,fps50=82%"
heuristic,6.1,-26.564,176.14,906.39,0.95,0.01,100,"fps25=18%,fps50=82%"
heuristic,6.2,-44.178,176.14,906.39,0.95,0.01,100,"fps25=18%,fps50=82%"
heuristic,6.3,-61.792,176.14,906.39,0.95,0.01,100,"fps25=18%,fps50=82%"
heuristic,6.4,-79.406,176.14,906.39,0.95,0.01,100,"fps25=18%,fps50=82%"
heuristic,6.5,-97.02,176.14,906.39,0.95,0.01,100,"fps25=18%,fps50=82%"
heuristic,6.6,-114.634,176.14,906.39,0.95,0.01,100,"fps25=18%,fps50=82%"
heuristic,6.7,-132.248,176.14,906.39,0.95,0.01,100,"fps25=18%,fps50=82%"
heuristic,6.8,-149.862,176.14,906.39,0.95,0.01,100,"fps25=18%,fps50=82%"
heuristic,6.9,-167.476,176.14,906.39,0.95,0.01,100,"fps25=18%,fps50=82%"
heuristic,7.0,-185.09,176.14,906.39,0.95,0.01,100,"fps25=18%,fps50=82%"
heuristic,7.1,-202.704,176.14,906.39,0.95,0.01,100,"fps25=18%,fps50=82%"
heuristic,7.2,-220.318,176.14,906.39,0.95,0.01,100,"fps25=18%,fps50=82%"
heuristic,7.3,-237.932,176.14,906.39,0.95,0.01,100,"fps25=18%,fps50=82%"
heuristic,7.4,-255.546,176.14,906.39,0.95,0.01,100,"fps25=18%,fps50=82%"
heuristic,7.5,-273.16,176.14,906.39,0.95,0.01,100,"fps25=18%,fps50=82%"
heuristic,7.6,-290.774,176.14,906.39,0.95,0.01,100,"fps25=18%,fps50=82%"
heuristic,7.7,-308.388,176.14,906.39,0.95,0.01,100,"fps25=18%,fps50=82%"
heuristic,7.8,-326.002,176.14,906.39,0.95,0.01,100,"fps25=18%,fps50=82%"
heuristic,7.9,-343.616,176.14,906.39,0.95,0.01,100,"fps25=18%,fps50=82%"
heuristic,8.0,-361.23,176.14,906.39,0.95,0.01,100,"fps25=18%,fps50=82%"
heuristic,8.1,-378.844,176.14,906.39,0.95,0.01,100,"fps25=18%,fps50=82%"
heuristic,8.2,-396.458,176.14,906.39,0.95,0.01,100,"fps25=18%,fps50=82%"
heuristic,8.3,-414.072,176.14,906.39,0.95,0.01,100,"fps25=18%,fps50=82%"
heuristic,8.4,-431.686,176.14,906.39,0.95,0.01,100,"fps25=18%,fps50=82%"
heuristic,8.5,-449.3,176.14,906.39,0.95,0.01,100,"fps25=18%,fps50=82%"
heuristic,8.6,-466.914,176.14,906.39,0.95,0.01,100,"fps25=18%,fps50=82%"
heuristic,8.7,-484.528,176.14,906.39,0.95,0.01,100,"fps25=18%,fps50=82%"
heuristic,8.8,-502.142,176.14,906.39,0.95,0.01,100,"fps25=18%,fps50=82%"
heuristic,8.9,-519.756,176.14,906.39,0.95,0.01,100,"fps25=18%,fps50=82%"
heuristic,9.0,-537.37,176.14,906.39,0.95,0.01,100,"fps25=18%,fps50=82%"
heuristic,9.1,-554.984,176.14,906.39,0.95,0.01,100,"fps25=18%,fps50=82%"
heuristic,9.2,-572.598,176.14,906.39,0.95,0.01,100,"fps25=18%,fps50=82%"
heuristic,9.3,-590.212,176.14,906.39,0.95,0.01,100,"fps25=18%,fps50=82%"
heuristic,9.4,-607.826,176.14,906.39,0.95,0.01,100,"fps25=18%,fps50=82%"
heuristic,9.5,-625.44,176.14,906.39,0.95,0.01,100,"fps25=18%,fps50=82%"
heuristic,9.6,-643.054,176.14,906.39,0.95,0.01,100,"fps25=18%,fps50=82%"
heuristic,9.7,-660.668,176.14,906.39,0.95,0.01,100,"fps25=18%,fps50=82%"
heuristic,9.8,-678.282,176.14,906.39,0.95,0.01,100,"fps25=18%,fps50=82%"
heuristic,9.9,-695.896,176.14,906.39,0.95,0.01,100,"fps25=18%,fps50=82%"
heuristic,10.0,-713.51,176.14,906.39,0.95,0.01,100,"fps25=18%,fps50=82%"
